date,format,file,caption,first_comment,alt_text,check
2026-10-12,Reel,v7_cinematic/m1_manifest_cinematic,"Твоя кожа помнит всё 🧡

Первый шов. Первую перевязку. Пластырь, который сорвали «одним рывком».
Шесть историй — роды, недоношенный малыш, шрам после операции, ребёнок-бабочка, бабушка, медсестра на смене — и одна линия, которая их связывает.

Мы — Yafho. Делаем повязки, которые держат и отпускают мягко.
Подпишитесь: следующие недели расскажем каждую историю.

Медицинское изделие. Применение — по назначению специалиста.

#КожаПомнит #Yafho #кожа #забота #медицина",Какая из шести историй — ваша? 👇,"Тёмный кадр: светящиеся линии рисуют ступни младенца, живот, профиль, бабочку. Текст «Твоя кожа помнит всё».",
2026-10-13,Reel,v12_kinetic/k6_geriatriya,"Только в США пролежни обходятся в $26,8 млрд в год (Padula et al., 2019) 💸

Крестец, пятки, лопатки — там, где кожа давит на кровать день за днём. У пожилых она тонкая, как кожица персика.

Перешлите тому, кто ухаживает за родителями.

Медицинское изделие. Применение — по назначению специалиста.

#пролежни #уходзапожилыми #бабушка #сиделка #КожаПомнит #Yafho","Кто у вас ухаживает за пожилыми родственниками? Поделитесь, что помогает 🤍","Кинетический текст: «$26,8 млрд в год стоят пролежни. Кожа бабушки — как персик».","Источник: Padula 2019, данные по США."
2026-10-14,Карусель,v6_campaign/a1_ee_pervyi_shram,"Её первый шрам — от самого счастливого дня 🤍

Каждые пятые роды в мире — кесарево сечение. Это миллионы мам и миллионы шрамов каждый год.

Шов заживает недели, а рубец созревает месяцами. Листайте: что происходит с кожей и как о ней позаботиться на каждом этапе 👉

💌 А ещё мы начинаем #ПисьмоШраму — напишите письмо своему шраму в комментариях.

Медицинское изделие. Применение — по назначению специалиста.

#кесарево #кесаревосечение #шрампослекесарева #мама #материнство #послеродов #КожаПомнит #Yafho #ПисьмоШраму","Мамы, сколько лет вашему шраму? 🤍","Карусель: линия живота с оранжевым шрамом, текст «Её первый шрам — от самого счастливого дня».",
2026-10-15,Reel,v8_styles/s4_macro_asmr,"Что касается вашей кожи? 🔍

Пять слоёв Sili-Care под лупой: перфорированный силикон, мягкая пена, суперабсорбент, защитный верхний слой. Каждый слой делает свою работу, а задача у всех одна — не ранить.

🔊 Со звуком.

Медицинское изделие. Применение — по назначению специалиста.

#SiliCare #подлупой #asmr #повязка #силикон #КожаПомнит #Yafho",Какой слой удивил больше всего? 👇,"Макро в круглой лупе: перфорация, пена, волокна, капли на плёнке. Финал — повязка Sili-Care.","Иллюстрация, не микрофото изделия."
2026-10-16,Reel,v7_cinematic/m4_persik_cinematic,"Этот персик — кожа вашей бабушки 🍑

С возрастом кожа истончается. Обычный пластырь держится за неё крепче, чем клетки кожи друг за друга, поэтому при снятии может сорвать верхний слой.

Мы проклеили персик и сняли пластырь через сутки. Смотрите до конца.

Перешлите тому, кто ухаживает за пожилыми родителями.

Медицинское изделие. Применение — по назначению специалиста.

#пролежни #уходзапожилыми #бабушка #сиделка #персиковыйтест #КожаПомнит #Yafho",Срывали когда-нибудь пластырь вместе с кожей? 😬,"Персик под прожектором, на нём пластырь; после снятия кожица порвана.",Демонстрация на фрукте — не клиническое испытание.
2026-10-17,Reel,v12_kinetic/k1_akusherstvo,"Каждые пятые роды в мире — кесарево (ВОЗ, 2021).
А потом 3-й день дома, шов под пластырем и страх его снимать.

Силикон держит шов, а не кожу 🤍

Перешлите той, кто скоро рожает.

Медицинское изделие. Применение — по назначению специалиста.

#кесарево #послекесарева #мама #материнство #роддом #КожаПомнит #Yafho",Мамы после кесарева: что было самым неожиданным? 👇,Кинетический текст: «Кесарево — каждые 5-е роды. Снимать страшно. Маме — не больно».,
2026-10-18,Карусель,v6_campaign/a3_7_veshchei_posle_kesareva,"7 вещей, о которых редко говорят после кесарева 📌 Сохраните себе или отправьте подруге, которая скоро рожает.

Памятка составлена по материалам NHS, но ваш врач и акушерка — главные. Каждое восстановление индивидуально.

Медицинское изделие. Применение — по назначению специалиста.

#кесарево #послекесарева #восстановлениепослеродов #беременность #роддом #мамыпоймут #КожаПомнит",,"Карусель-памятка: 7 пунктов о восстановлении после кесарева, линейные иллюстрации.",покажите памятку акушеру-партнёру до публикации.
2026-10-19,Reel,v7_cinematic/m2_pismo_shramu_cinematic,"«Привет, шрам. Ты появился в 03:47…» 💌

Мы предлагаем вам написать письмо своему шраму. Не стесняться его, а сказать ему спасибо.

Напишите в комментариях или в сторис с #ПисьмоШраму. Лучшие письма (с вашего согласия) опубликуем, а ваш шрам нарисуем одной линией — в подарок.

Шрам — это память. Пусть она будет мягкой.

Медицинское изделие. Применение — по назначению специалиста.

#ПисьмоШраму #КожаПомнит #кесарево #мама #шрам #любовь #Yafho","Начнём с нас: Привет, шрам. Спасибо, что ты — дверь. 🧡","Видео: письмо шраму печатается на экране, линия живота со светящимся шрамом.",
2026-10-20,Reel,v9_series/e1_akusherstvo_3_den_doma,"3 часа ночи. Ты засмеялась — и вспомнила про шов 🥲

Совет, который передают от мамы к маме: прижми к шву подушку или ладони и слегка наклонись вперёд. А когда шов заживёт — спроси врача про силиконовую пластину для шрама.

💌 Отправьте подруге, которая скоро рожает.

Медицинское изделие. Применение — по назначению специалиста.

#кесарево #послекесарева #мамавдекрете #3часаночи #роддом #КожаПомнит #Yafho",Что вам больше всего помогло в первые дни после кесарева? 👇,"Экран телефона: поисковый запрос «больно смеяться после кесарева», ответ с советами.",
2026-10-21,Reel,v7_cinematic/m5_lepestok_cinematic,"Её кожа тоньше лепестка розы 🌸

У недоношенного малыша датчики, зонды и катетеры крепят прямо к коже — и снимают снова и снова. Мы проверили, что делает с лепестком обычный пластырь и что — силикон.

Её кожа помнит первое прикосновение. Пусть оно будет мягким.

Медицинское изделие. Применение — по назначению специалиста.

#недоношенные #ОРИТН #неонатология #новорождённый #КожаПомнит #Yafho #медсестра",,"Видео: лепестки розы — обычный пластырь рвёт лепесток, силиконовый снимается, лепесток цел.","цифру «2–3 слоя против 10–20» сверить с первоисточником (Lund et al.); в кадре только лепестки и иллюстрация, без реальных детей."
2026-10-22,Reel,v12_kinetic/k2_neonatologiya,"Кожа недоношенного малыша тоньше бумаги.
А на ней датчики, зонды, катетеры — и каждый пластырь однажды придётся снять.

Первое касание должно быть мягким 🤍

Для отделений ОРИТН: напишите «КАТАЛОГ» в директ.

Медицинское изделие. Применение — по назначению специалиста.

#недоношенные #ОРИТН #неонатология #медсестра #КожаПомнит #Yafho","Медсёстры ОРИТН, как вы снимаете фиксацию у самых маленьких? 👇",Кинетический текст: «1 420 граммов. Кожа тоньше бумаги. Первое касание — мягкое».,"Сценка, вес — пример."
2026-10-23,Карусель,v6_campaign/b2_oritn_2_sloya,"Медсёстры ОРИТН, это пост для вас 🤍 Как вы снимаете фиксацию у самых маленьких? Ваши лайфхаки соберём в отдельный пост.

Медицинское изделие. Применение — по назначению специалиста.

#ОРИТН #неонатология #медсестра #недоношенные #MARSI #сестринскоедело #КожаПомнит",,"Карусель для медсестёр ОРИТН о коже недоношенных, линейные иллюстрации ступней.",сверить цифру «2–3 слоя клеток против 10–20» с первоисточником (Lund et al.); если не подтвердится — пост снять
2026-10-24,Reel,v9_series/e2_neonatologiya_dnevnik_oritn,"«Мы каждый пластырь снимаем как первый» 🤍

Для родителей недоношенных малышей каждый день в ОРИТН — это граммы, маленькие победы и огромное доверие к медсёстрам. Её кожа помнит первое прикосновение. Пусть оно будет мягким.

Родители недоношенных — вы не одни. Медсёстры ОРИТН — спасибо вам.

Медицинское изделие. Применение — по назначению специалиста.

#недоношенные #ОРИТН #недоношенныйребенок #неонатология #медсестра #КожаПомнит",,Экран телефона: заметки мамы «Дневник ОРИТН — день 12».,утверждения в ответе поисковика сверить с неонатологом-партнёром.
2026-10-25,Фото,v6_campaign/e2_foto_manifest_babochka,"Есть дети, чья кожа хрупкая, как крыло бабочки 🦋

С сегодняшнего дня по 31 октября — неделя осведомлённости о буллёзном эпидермолизе. Всю неделю рассказываем о детях-бабочках.

Эта бабочка вырезана из силиконового контактного слоя — материала, который касается самой хрупкой кожи.

Медицинское изделие. Применение — по назначению специалиста.

#детибабочки #буллёзныйэпидермолиз #EBawarenessweek #КожаПомнит #Yafho",,"Фото: бабочка, вырезанная из персикового силиконового контактного слоя.",
2026-10-26,Reel,v7_cinematic/m3_risovaya_bumaga_cinematic,"Эта бумага — как кожа ребёнка-бабочки.
Обычный пластырь её рвёт. Силиконовый контактный слой — нет.

Для детей-бабочек это не эксперимент. Это каждая перевязка 🦋

Поделитесь этим видео — это лучший способ рассказать о детях-бабочках.

Медицинское изделие. Применение — по назначению специалиста.

#детибабочки #буллёзныйэпидермолиз #неделядетейбабочек #КожаПомнит #Yafho",,"Видео: рисовая бумага — обычный пластырь её рвёт, силиконовый слой нет.","в финальной карточке ролика стоит заглушка «[ссылка на фонд-партнёр]» — пришлите ссылку, ролик будет перерендерен; согласовать публикацию с фондом."
2026-10-27,Reel,v9_series/e4_dermatologiya_deti_babochki,"«Что я узнала за 7 лет с ребёнком-бабочкой» 🦋

25–31 октября — неделя осведомлённости о буллёзном эпидермолизе. Самое простое, что можно сделать, — рассказать о детях-бабочках. Поделитесь этим видео.

Медицинское изделие. Применение — по назначению специалиста.

#детибабочки #буллёзныйэпидермолиз #неделядетейбабочек #КожаПомнит #Yafho",,Экран телефона: заметка «Что я узнала за 7 лет с ребёнком-бабочкой».,согласовать с фондом-партнёром; в подписи под постом добавить ссылку на фонд.
2026-10-28,Карусель,v6_campaign/e3_kto_takie_deti_babochki,"Кто такие дети-бабочки и почему каждая перевязка для них важна. Листайте 👉 и поделитесь — пусть о них узнает больше людей 🦋

Медицинское изделие. Применение — по назначению специалиста.

#детибабочки #буллёзныйэпидермолиз #дерматология #КожаПомнит",,"Карусель: линейная бабочка, текст «Кто такие дети-бабочки?».",сверить цифру «2–3 слоя клеток против 10–20» с первоисточником (Lund et al.); если не подтвердится — пост снять
2026-10-29,Reel,v12_kinetic/k4_babochki,"Дети-бабочки: кожа как крыло 🦋

Обычный пластырь им нельзя, а при буллёзном эпидермолизе рекомендуют силиконовые повязки (GOSH, DEBRA).

25–31 октября — неделя осведомлённости о БЭ. Самое простое, что можно сделать, — рассказать. Перешлите.

Медицинское изделие. Применение — по назначению специалиста.

#детибабочки #буллёзныйэпидермолиз #неделядетейбабочек #КожаПомнит #Yafho",Вы слышали о детях-бабочках до этой недели?,Кинетический текст: «Дети-бабочки. Обычный пластырь — нельзя. 25–31 октября — неделя БЭ».,Ссылка на фонд-партнёр.
2026-10-30,Reel,v6_campaign/c1_den_1_iz_180,"Хирург отвечает за шов. Следующие 180 дней — за вами.

Мы начинаем сериал: одна пациентка, один рубец, каждую неделю — 7 честных секунд без фильтров. Подпишитесь, чтобы увидеть День 7.

Медицинское изделие. Применение — по назначению специалиста.

#рубец #шрам #пластическаяхирургия #маммопластика #абдоминопластика #уходзарубцом #КожаПомнит #Yafho",,"Видео: профиль пациентки одной линией, текст «Хирург отвечает за шов. Следующие 180 дней — за вами».",
2026-10-31,Reel,v9_series/e3_plastika_shram_kazhduyu_nedelyu,"Я фотографирую свой шрам каждую неделю 📸

Хирург сделал шов. А следующие полгода — моя работа: силиконовая пластина (когда врач разрешил), регулярность и терпение. Подписывайтесь на наш сериал «День 1 из 180».

Медицинское изделие. Применение — по назначению специалиста.

#уходзарубцом #шрам #пластическаяхирургия #маммопластика #рубец #КожаПомнит",,Экран телефона: галерея фото шрама по неделям.,
2026-11-01,Reel,v11_pod_lupoi/l2_scar,"Шов закрылся — что дальше? 🔍

Под лупой №2 — Silicone Scar Sheet. Силиконовые гель-листы называют первой линией ухода за рубцами (Meaume et al., 2014).
Пластика, кесарево, любые швы — когда рана уже зажила и врач дал добро.

Клиникам: образцы и каталог — напишите «ЛУПА».

Медицинское изделие. Применение — по назначению специалиста.

#шрам #рубец #уходзарубцом #пластическаяхирургия #подлупой #КожаПомнит #Yafho",С какого дня вы начали ухаживать за шрамом? 👇,Лупа с макро гелевой текстуры. Подпись: Silicone Scar Sheet — первая линия ухода за рубцами.,
2026-11-02,Reel,v12_kinetic/k5_hirurgiya,"40,3% пациентов назвали смену повязки худшим в жизни с раной (Price et al., 2008).

А если повязка не ранит?

Отметьте медсестру, которая это поймёт 👇

Медицинское изделие. Применение — по назначению специалиста.

#медсестра #сестринскоедело #хирургия #перевязка #КожаПомнит #Yafho",Медсёстры: самая сложная перевязка за смену — какая?,Кинетический текст: «Смена 12 часов. 40% пациентов: перевязка — худшее. Перевязка без слёз».,
2026-11-03,Reel,v9_series/e5_hirurgiya_pov_medsestra,"POV: понедельник, 06:58, смена 12 часов 💉

У бабушки в 7-й кожа как бумага — и рабочий чат знает, что делать. Шов делает хирург. Кожу бережёт медсестра.

👇 Отметьте медсестру, без которой шов был бы просто шов.

Медицинское изделие. Применение — по назначению специалиста.

#медсестра #сестринскоедело #pov #смена #больница #КожаПомнит #Yafho",,"Экран телефона: рабочий чат медсестёр, смена 12 часов.",
2026-11-04,Reel,v6_campaign/d1_hirurg_vs_medsestra,"Хирург: «Я сделал идеальный шов».
Медсестра: 👀

Шов делает хирург. Кожу бережёт медсестра. Отметьте медсестру, без которой шов был бы просто шов 👇

Медицинское изделие. Применение — по назначению специалиста.

#медсестра #хирург #медицинскийюмор #сестринскоедело #больница #КожаПомнит #Yafho",,Видео-сценка: хирург и медсестра в линейной графике.,
2026-11-05,Карусель,v6_campaign/d2_shov_zazhil,"16% взрослых пациентов реанимации получают повреждения кожи от медицинского клея. У этого есть название — MARSI.

Как это выглядит, почему так и как снимать бережнее — листайте. Сохраните для отделения 📌

Медицинское изделие. Применение — по назначению специалиста.

#MARSI #сестринскоедело #хирургия #реанимация #уходзакожей #КожаПомнит #Yafho",,Карусель: «Шов зажил. Кожа помнит каждую перевязку» — о MARSI и бережном снятии.,
2026-11-06,Reel,v6_campaign/c2_overlei_serii/overlay_den_007.png,"День 7 из 180 ✨

Тот же ракурс, тот же свет, без фильтров. Первая неделя: швы сняты, кожа ещё розовая.

Начало сериала — в закреплённых Reels.

Медицинское изделие. Применение — по назначению специалиста.

#шрам #рубец #уходзарубцом #пластическаяхирургия #день7из180 #КожаПомнит #Yafho",Как ваш шрам выглядел на 7-й день?,"Реальное видео рубца пациентки (с согласия), оверлей «День 7 из 180».",Письменное согласие пациентки.
2026-11-07,Reel,v11_pod_lupoi/l1_wcl,"Сетка тоньше салфетки 🔍

Под лупой №1 — Silicone Wound Contact Layer. Ложится прямо на рану, экссудат уходит сквозь ячейки во вторичную повязку. Силикон держит, но не прилипает к ране.

Клиникам и дистрибьюторам: напишите «ЛУПА».

Медицинское изделие. Применение — по назначению специалиста.

#медизделия #woundcare #дистрибуция #клиника #госзакупки #подлупой #КожаПомнит #Yafho",Где в вашем отделении нужен контактный слой чаще всего?,Лупа с макро силиконовой сетки с круглыми ячейками.,
2026-11-08,Карусель,v6_campaign/f1_narisuem_odnoi_liniei,"У каждого шрама есть история. Пришлите нам свою — и мы нарисуем ваш шрам одной линией, в подарок ✍️

Напишите в директ 2–3 предложения. Без фото ран: можно просто описать. Лучшие истории опубликуем только с вашего согласия.

Медицинское изделие. Применение — по назначению специалиста.

#КожаПомнит #шрам #историяшрама #арт #oneline #Yafho",,"Карусель: примеры шрамов, нарисованных одной линией.",примеры в карусели подписаны «пример истории» — это не реальные люди.
2026-11-09,Reel,v9_series/e6_b2b_pod_lupoi_lineika,"Одна лупа — четыре отделения 🔍

Роддом. Пластика. Дерматология. Хирургия. Линейка Yafho под увеличением: контактный слой, гель-лист для рубцов, нетканая фиксация, гидрогель.

Дистрибьюторам и клиникам: напишите «КАТАЛОГ» в директ.

Медицинское изделие. Применение — по назначению специалиста.

#медизделия #woundcare #дистрибуция #клиника #госзакупки #КожаПомнит #Yafho",Какое отделение у вас закупает перевязочные материалы чаще всего?,"Лупа по очереди показывает четыре текстуры с названиями продуктов, финал — логотип Yafho.",
2026-11-10,Reel,v11_pod_lupoi/l6_chg,"Катетер стоит днями. А место прокола? 🔍

Под лупой №6 — CHG I.V. Fixation: прозрачная плёнка фиксирует катетер, а подушечка с хлоргексидином (CHG) окружает место ввода.
ОРИТ, онкология, гематология — везде, где катетер стоит долго.

Клиникам: напишите «ЛУПА».

Медицинское изделие. Применение — по назначению специалиста.

#медизделия #woundcare #дистрибуция #клиника #госзакупки #ОРИТ #катетер #подлупой #КожаПомнит #Yafho",Как часто у вас меняют фиксацию ЦВК/ПВК?,"Лупа: кожа, катетер, фиолетовая подушечка вокруг места ввода, плёнка сверху.",Сверить конструкцию с каталогом.
2026-11-11,Карусель,v5_platform/carousel_odna_liniya,"Одна линия. Шесть историй 📌

Роды, ОРИТН, пластика, дети-бабочки, пожилые пациенты, хирургия. У всех разная кожа, а задача одна: держать и не ранить.
Листайте: какое решение Yafho для какого отделения.

Сохраните для закупок.

Медицинское изделие. Применение — по назначению специалиста.

#медизделия #woundcare #дистрибуция #клиника #госзакупки #КожаПомнит #Yafho",Какого отделения не хватает в этом списке?,Карусель: линейные иллюстрации шести пациентов и продукты Yafho для каждого отделения.,
2026-11-12,Reel,v6_campaign/g1_katalog_za_30_sekund,"Роддом. Пластика. Дерматология. Хирургия. Одна линия заботы.

10 решений Yafho Advanced Wound Management за 30 секунд. Дистрибьюторам и клиникам: напишите «КАТАЛОГ» в директ — пришлём каталог 2025 и образцы.

Медицинское изделие. Применение — по назначению специалиста.

#медизделия #дистрибуция #woundcare #Yafho #госзакупки #клиника",,Видео: продукты линейки Yafho сменяют друг друга за 30 секунд.,"уточните у Yafho назначение Reco Dressing Kit. В ролике стоит сноска «уточняйте по документации», уберите её после подтверждения."
2026-11-13,Reel,v6_campaign/c2_overlei_serii/overlay_den_014.png,"День 14 из 180 ✨

Тот же ракурс, тот же свет, без фильтров. Две недели: рана закрылась — спрашиваем хирурга про силикон.

Начало сериала — в закреплённых Reels.

Медицинское изделие. Применение — по назначению специалиста.

#шрам #рубец #уходзарубцом #пластическаяхирургия #день14из180 #КожаПомнит #Yafho",Как ваш шрам выглядел на 14-й день?,"Реальное видео рубца пациентки (с согласия), оверлей «День 14 из 180».",Письменное согласие пациентки.
2026-11-14,Reel,v11_pod_lupoi/l3_nonwoven,"Пластырь, который не спорит с кожей 🔍

Под лупой №3 — Silicone Nonwoven: нетканая основа и силиконовый клей. Держит повязку или катетер и снимается мягко. Это важно для пожилых и детей, у которых кожа тоньше.

Напишите «ЛУПА» — пришлём каталог.

Медицинское изделие. Применение — по назначению специалиста.

#медизделия #woundcare #дистрибуция #клиника #госзакупки #подлупой #КожаПомнит #Yafho",Чем вы фиксируете повязки у пожилых пациентов?,Лупа: белые переплетённые волокна с точками силикона.,
2026-11-15,Карусель,v6_campaign/f2_shablon_itogi_pismo_shramu,"Вы написали [N] писем своим шрамам 💌

Четыре недели назад мы предложили сказать шраму «спасибо» вместо «спрячься». Листайте: несколько писем, которые авторы разрешили показать.

Каждому автору мы нарисовали его шрам одной линией. Спасибо, что доверили нам свои истории.

Медицинское изделие. Применение — по назначению специалиста.

#ПисьмоШраму #КожаПомнит #шрам #кесарево #Yafho",Ещё не написали? #ПисьмоШраму открыто — пишите здесь 👇,Карусель: письма шраму от подписчиков на светлом фоне с линейными рисунками шрамов.,Заполнить [N] и тексты; письменное согласие каждого автора.
2026-11-16,Reel,v8_styles/s1_kinetic_type,"СТОП. Ты срываешь пластырь — а он срывает кожу.

Клей обычного пластыря держится за кожу крепче, чем клетки кожи друг за друга. Силикон держит и отпускает.

Перешлите тому, кто срывает пластырь «одним рывком» 😅

Медицинское изделие. Применение — по назначению специалиста.

#пластырь #лайфхак #кожа #КожаПомнит #Yafho",Вы как снимаете пластырь: медленно или рывком?,"Кинетический текст на чёрном, белом и оранжевом: «СТОП. Ты срываешь пластырь. А он срывает кожу».",
2026-11-17,Reel,v11_pod_lupoi/l4_hydrogel,"Рана сухая? Ей нужна влага 🔍

Под лупой №4 — Hydrogel Dressing. В 1962 году Джордж Винтер показал: во влажной среде раны эпителизируются быстрее, чем под сухим струпом. Гидрогель отдаёт ране влагу.

Клиникам: напишите «ЛУПА».

Медицинское изделие. Применение — по назначению специалиста.

#медизделия #woundcare #дистрибуция #клиника #госзакупки #подлупой #КожаПомнит #Yafho",Вы знали про влажное заживление?,Лупа: голубой гель с прозрачными каплями.,
2026-11-18,Reel,v8_styles/s3_paper_collage,"5 слоёв одной повязки ✂️

Разобрали Sili-Care на бумажные слои: от защитного верхнего до мягкого силикона, который касается кожи.

Сохраните, если объясняете пациентам, как устроена повязка.

Медицинское изделие. Применение — по назначению специалиста.

#SiliCare #коллаж #повязка #КожаПомнит #Yafho",Сколько слоёв вы насчитали бы без подсказки? 😄,"Бумажный коллаж: слои повязки Sili-Care наклеиваются один на другой, подписи от руки.",
2026-11-19,Карусель,v6_campaign/c3_kak_nosit_plastinu,"Инструкция, которую сохраняют 📌 Как носить силиконовую пластину: когда начинать, сколько часов, сколько месяцев и что делать при раздражении.

По памяткам NHS. Точный режим — по инструкции к изделию и рекомендации вашего хирурга.

Медицинское изделие. Применение — по назначению специалиста.

#уходзарубцом #силиконоваяпластина #шрам #рубец #пластика #послеоперации #КожаПомнит",,Карусель-инструкция по ношению силиконовой пластины.,
2026-11-20,Reel,v6_campaign/c2_overlei_serii/overlay_den_021.png,"День 21 из 180 ✨

Тот же ракурс, тот же свет, без фильтров. Три недели с силиконовой пластиной.

Начало сериала — в закреплённых Reels.

Медицинское изделие. Применение — по назначению специалиста.

#шрам #рубец #уходзарубцом #пластическаяхирургия #день21из180 #КожаПомнит #Yafho",Как ваш шрам выглядел на 21-й день?,"Реальное видео рубца пациентки (с согласия), оверлей «День 21 из 180».",Письменное согласие пациентки.
2026-11-21,Reel,v11_pod_lupoi/l5_hydrocolloid,"Пластырь, который становится гелем 🔍

Под лупой №5 — Hydrocolloid Dressing. При контакте с экссудатом образует мягкий гель прямо на ране. Для неглубоких ран и зон трения.

Клиникам: напишите «ЛУПА».

Медицинское изделие. Применение — по назначению специалиста.

#медизделия #woundcare #дистрибуция #клиника #госзакупки #подлупой #КожаПомнит #Yafho",Гидроколлоид в вашей практике — для чего чаще всего?,"Лупа: бежевая матовая текстура, на ней набухают гелевые пузыри.",
2026-11-22,Пост,v7_cinematic/posters/poster_kozha_pomnit_vsyo.png,"Твоя кожа помнит всё.

Шесть недель мы рассказывали истории: про роды, недоношенных малышей, шрамы, детей-бабочек, бабушек и медсестёр.
Спасибо, что были с нами 🧡

Медицинское изделие. Применение — по назначению специалиста.

#КожаПомнит #Yafho",Какая история запомнилась больше всего?,"Постер: тёмный фон, светящиеся линейные иллюстрации шести историй, текст «Твоя кожа помнит всё».",
2026-11-23,Reel,v12_kinetic/k3_plastika,"Операция длится часы. Шрам остаётся на месяцы.

Силиконовые гель-листы — первая линия ухода за рубцами (Meaume et al., 2014). Только после заживления и по назначению хирурга.

Шрам заслуживает заботы ✨

Медицинское изделие. Применение — по назначению специалиста.

#шрам #рубец #уходзарубцом #пластическаяхирургия #КожаПомнит #Yafho",Сколько месяцев вы ухаживали за своим шрамом?,Кинетический текст: «Операция — часы. Шрам — месяцы. Силикон — первая линия ухода за рубцами».,
2026-11-24,Reel,v20_effect/t1_kiwi_test,"Что пластырь сделает с киви? 🥝

Мы проклеили два киви: обычным пластырем и силиконовым Yafho. Сутки спустя сняли оба. Смотрите, что осталось на пластыре.

Обычный клей цепляется за каждый волосок. Силикон держит кожу — и отпускает. Особенно важно, если вы спортсмен, у вас «волосатая» кожа или пластырь нужен ребёнку.

Напишите «КИВИ» — расскажем, какая повязка подойдёт.

Медицинское изделие. Применение — по назначению специалиста.

#тестyafho #киви #пластырь #лайфхак #спорт #КожаПомнит #Yafho",Кто срывал пластырь вместе с волосками? 🙋‍♂️,"Два киви в карточках: после обычного пластыря на кожуре лысая полоса, а ворс — на пластыре; после силиконового ворс на месте.",Демонстрация на фрукте — не клиническое испытание.
2026-11-25,Пост,v7_cinematic/posters/poster_0347_pismo_shramu.png,"03:47. Привет, шрам 💌

#ПисьмоШраму продолжается: напишите своему шраму пару строк — в комментариях или в сторис с хэштегом.

Медицинское изделие. Применение — по назначению специалиста.

#ПисьмоШраму #КожаПомнит #кесарево #шрам","Начнём: «Привет, шрам. Спасибо, что ты…»","Постер: светящиеся цифры 03:47 над линией живота со шрамом, подпись «Привет, шрам».",
2026-11-26,Reel,v20_effect/t3_mif_podyshat,"«Пусть подышит, подсохнет» — миф 🩹

В 1962 году Джордж Винтер опубликовал в Nature эксперимент: под плёнкой раны затягивались примерно вдвое быстрее, чем под сухой коркой. Клеткам кожи легче ползти по влажной поверхности, чем прокапываться под корку.

Сегодня это основа современного ухода за ранами: гидроколлоидные и гидрогелевые повязки держат влажную среду.

Глубокие, укушенные, грязные или воспалённые раны — сразу к врачу.

Перешлите тому, кто говорит «пусть подсохнет» 😉

Медицинское изделие. Применение — по назначению специалиста.

#уходзаранами #мифы #заживление #медицина #тестyafho #КожаПомнит #Yafho","Вас учили, что рана должна «дышать»?","Схема разреза кожи: под коркой края раны почти не сдвинулись, под плёнкой во влажной среде новые клетки сомкнулись.",Эксперимент Винтера — на животных; формулировка «примерно вдвое» — по исходной статье.
2026-11-28,Reel,v6_campaign/c2_overlei_serii/overlay_den_030.png,"День 30 из 180 ✨

Тот же ракурс, тот же свет, без фильтров. Месяц. Рубец созревает — это нормально, если он пока яркий.

Начало сериала — в закреплённых Reels.

Медицинское изделие. Применение — по назначению специалиста.

#шрам #рубец #уходзарубцом #пластическаяхирургия #день30из180 #КожаПомнит #Yafho",Как ваш шрам выглядел на 30-й день?,"Реальное видео рубца пациентки (с согласия), оверлей «День 30 из 180».",Письменное согласие пациентки.
2026-11-30,Reel,v20_effect/t5_krasnyi_kvadrat,"Красный квадрат после пластыря. Знакомо? 🟥

Часто это не «аллергия», а содранный клеем верхний слой кожи. У этого есть название — MARSI, повреждение кожи медицинским клеем (консенсус McNichol et al., 2013).

Как снимать бережнее: медленно, вдоль кожи, придерживая её пальцем. А для хрупкой кожи — повязки на силиконовом клее.

Если покраснение не проходит, зудит или появились пузыри — к врачу.

Сохраните 📌

Медицинское изделие. Применение — по назначению специалиста.

#MARSI #пластырь #кожа #уходзакожей #тестyafho #КожаПомнит #Yafho",У вас оставался такой «квадрат»?,"Два предплечья: после обычного пластыря красная рамка по контуру клея, после силиконового кожа цела.",
2026-12-02,Reel,v20_effect/t2_novye_tufli,"Новые туфли → мозоль. Что клеить? 👠

Обычный пластырь прилипает к пузырю и при снятии может сорвать его. Гидроколлоидная повязка смягчает трение и защищает мозоль, пока она заживает.

Главное правило: мозоль не прокалывать. Если она лопнула, воспалилась или болит сильнее — к врачу.

Напишите «ТУФЛИ» — подскажем, что взять в сумку.

Медицинское изделие. Применение — по назначению специалиста.

#мозоль #новыетуфли #лайфхак #гидроколлоид #тестyafho #КожаПомнит #Yafho",Какие туфли натёрли вам сильнее всего? 😅,"Две пятки с мозолью: после обычного пластыря мозоль сорвана, после гидроколлоидной повязки цела.",Иллюстрация.
2026-12-04,Reel,v20_effect/t4_mama_ne_otryvai,"«Мама, только не отрывай!» 😭

Знакомый крик? Детская кожа тоньше взрослой, и обычный клей при снятии забирает её верхний слой — отсюда слёзы и красная полоса.

Силиконовый клей держит, но отпускает мягко. И ещё лайфхак: снимайте медленно, вдоль кожи, придерживая её пальцем.

Перешлите маме, которая знает этот крик 💛

Медицинское изделие. Применение — по назначению специалиста.

#мама #дети #пластырь #лайфхакдлямам #материнство #тестyafho #КожаПомнит #Yafho",Сколько секунд длится ваш «торг» перед снятием пластыря? 😄,"Две детские коленки: после обычного пластыря красная полоса и «АЙ!!!», после силиконового кожа цела.",Иллюстрация.
2026-12-07,Reel,v20_effect/t6_pomidor_test,"Что пластырь сделает с помидором? 🍅

С возрастом кожа истончается — у пожилых она бывает тонкой, как кожица помидора. Обычный клей при снятии может забрать её с собой. Силиконовый клей держит и отпускает мягко.

Перешлите тому, кто ухаживает за пожилыми родителями 🤍

Медицинское изделие. Применение — по назначению специалиста.

#пожилые #уходзапожилыми #кожа #пластырь #тестyafho #КожаПомнит #Yafho","Замечали, что у бабушки кожа рвётся от пластыря?","Два помидора: после обычного пластыря кожица сорвана и видна мякоть, после силиконового кожица цела.",Демонстрация на овоще — не клиническое испытание.
2026-12-09,Reel,v20_effect/t8_chto_na_plastyre,"Что остаётся на пластыре? 🔍

Верхний, роговой слой кожи — как стена из «кирпичиков». Каждый рывок клейкой ленты снимает часть этой стены: в дерматологии так даже специально снимают слои для исследований (метод tape stripping).

5 перевязок — 5 слоёв. Силиконовый клей забирает заметно меньше.

Частые перевязки, хрупкая кожа — напишите «СЛОЙ», подберём повязку.

Медицинское изделие. Применение — по назначению специалиста.

#перевязка #MARSI #кожа #медсестра #тестyafho #КожаПомнит #Yafho",Сколько перевязок в неделю у вас (или у близкого)?,"Схема: стена из клеток рогового слоя; обычный пластырь за 5 перевязок снимает 5 рядов до живой кожи, силиконовый — пару отдельных клеток.","Схема, не количественное измерение."
2026-12-11,Reel,v20_effect/t7_sharik,"Пластырь на воздушном шарике. Снимаем… 🎈💥

Отёкшая, натянутая кожа (отёки, пожилые, после операций) — как этот шарик. Рывок обычного пластыря может её травмировать. Силикон отпускает без рывка.

Напишите «ШАРИК» — расскажем, какая повязка подойдёт.

Медицинское изделие. Применение — по назначению специалиста.

#тестyafho #эксперимент #пластырь #уход #КожаПомнит #Yafho",Досмотрели до «БАХ»? 😄,"Два воздушных шарика: при рывке обычного пластыря шарик лопается, после силиконового — цел.",Демонстрация на воздушном шаре — не клиническое испытание.
2026-12-13,Reel,v6_campaign/c2_overlei_serii/overlay_den_045.png,"День 45 из 180 ✨

Тот же ракурс, тот же свет, без фильтров. Полтора месяца: регулярность важнее всего.

Начало сериала — в закреплённых Reels.

Медицинское изделие. Применение — по назначению специалиста.

#шрам #рубец #уходзарубцом #пластическаяхирургия #день45из180 #КожаПомнит #Yafho",Как ваш шрам выглядел на 45-й день?,"Реальное видео рубца пациентки (с согласия), оверлей «День 45 из 180».",Письменное согласие пациентки.
2026-12-14,Reel,v20_effect/t9_banan_8_chasov,"8 часов в одной позе. Тест на банане 🍌

Так начинаются пролежни: давление в одной точке часами. Под гирей без защиты — тёмное пятно, через силиконовую пену давление распределилось.

Многослойные силиконовые пенные повязки на крестец рекомендуют для профилактики пролежней (международное руководство EPUAP/NPIAP/PPPIA, 2019). Но повязка не заменяет главного — регулярно менять положение тела.

Перешлите тому, кто ухаживает за лежачим близким 🤍

Медицинское изделие. Применение — по назначению специалиста.

#пролежни #уходзалежачими #сиделка #пожилые #тестyafho #КожаПомнит #Yafho",Как часто вы переворачиваете лежачего близкого?,"Два банана под гирей «8 ч»: без защиты — тёмное пятно, с силиконовой пеной Sili-Care — едва заметный след.",Демонстрация на фрукте — не клиническое испытание.
2026-12-16,Reel,v20_effect/t10_kak_snimat,"Как правильно снимать пластырь? 📌

❌ Рывком вверх, под 90° — кожа тянется за клеем.
✅ Низко, вдоль кожи (почти 180°), медленно, придерживая кожу пальцем возле края.

Так советует международный консенсус по повреждениям кожи медицинским клеем (MARSI, McNichol et al., 2013). А для хрупкой кожи — повязки на силиконовом клее.

Сохраните и перешлите тому, кто снимает «одним рывком».

Медицинское изделие. Применение — по назначению специалиста.

#лайфхак #пластырь #MARSI #медсестра #первыйпомощь #тестyafho #КожаПомнит #Yafho",Вы как снимали до этого видео? 😅,"Схема: слева пластырь тянут вверх — кожа поднимается «шатром» и краснеет; справа снимают низко вдоль кожи, придерживая пальцем — кожа ровная.",
2026-12-21,Reel,v20_effect/t11_vata_na_rane,"Порез на кухне. Приложить вату? 🔪

Нет: волокна ваты вплетаются в рану и остаются внутри, а при смене она открывается снова.

Первая помощь за 3 шага:
1. Промыть чистой водой.
2. Прижать чистой салфеткой, пока кровь не остановится.
3. Закрыть повязкой.

Если кровь не останавливается за 10 минут, рана глубокая или грязная — к врачу.

Перешлите тому, кто готовит на праздники 🎄

Медицинское изделие. Применение — по назначению специалиста.

#перваяпомощь #порез #кухня #лайфхак #новыйгод #тестyafho #КожаПомнит #Yafho",Какой ваш самый «кухонный» порез? 😅,"Два пальца с порезом: после ваты в ране остались белые волокна, после повязки — чисто.",Иллюстрация.
2026-12-23,Reel,v20_effect/t14_ozhog,"Обожглись о противень. Что делать? 🔥

❌ Масло и зубная паста держат жар в коже.
❌ Лёд повреждает кожу.
✅ 20 минут прохладной проточной воды, снять кольца и браслеты, потом накрыть пищевой плёнкой или неприлипающей повязкой.

Так советуют British Burn Association и NHS.

Большой ожог, лицо, руки, пах, ребёнок или пожилой — сразу к врачу.

Перешлите тем, кто печёт к празднику 🎄

Медицинское изделие. Применение — по назначению специалиста.

#ожог #перваяпомощь #кухня #новыйгод #мифы #тестyafho #КожаПомнит #Yafho",Кого учили мазать ожог маслом? 🙋,"Две руки с ожогом: под маслом жар остаётся, под 20 минутами прохладной воды кожа остывает.",Первая помощь — по рекомендациям British Burn Association / NHS.
2026-12-25,Reel,v20_effect/t12_belaya_kozha,"Белая сморщенная кожа вокруг раны — как пальцы после ванны? 🛁

Это мацерация: обычный пластырь держит влагу у кожи, и она размокает. Размокшая кожа легче повреждается.

Суперабсорбирующий слой в пенной повязке забирает влагу в себя и оставляет края раны сухими.

Как часто менять повязку — по назначению врача или медсестры.

Медицинское изделие. Применение — по назначению специалиста.

#уходзаранами #перевязка #медсестра #кожа #тестyafho #КожаПомнит #Yafho",Замечали такое под пластырем?,"Две раны: после обычного пластыря вокруг белое сморщенное кольцо, после пенной повязки края сухие.",Иллюстрация.
2026-12-28,Reel,v6_campaign/c2_overlei_serii/overlay_den_060.png,"День 60 из 180 ✨

Тот же ракурс, тот же свет, без фильтров. Два месяца.

Начало сериала — в закреплённых Reels.

Медицинское изделие. Применение — по назначению специалиста.

#шрам #рубец #уходзарубцом #пластическаяхирургия #день60из180 #КожаПомнит #Yafho",Как ваш шрам выглядел на 60-й день?,"Реальное видео рубца пациентки (с согласия), оверлей «День 60 из 180».",Письменное согласие пациентки.
2026-12-29,Reel,v20_effect/t13_na_sgibe,"Пластырь на колене. 10 приседаний 🦵

Обычный пластырь жёсткий: на сгибе его край отходит уже через пару движений. Мягкая силиконовая пена гнётся вместе с кожей.

Колено, локоть, пальцы — там, где кожа постоянно двигается.

Спорт, дети, после операций на суставах — напишите «СГИБ».

Медицинское изделие. Применение — по назначению специалиста.

#спорт #колено #пластырь #дети #тестyafho #КожаПомнит #Yafho",Где у вас пластырь отклеивается быстрее всего?,"Две ноги приседают: обычный пластырь на колене отходит краем, пенная повязка гнётся вместе с коленом.",Иллюстрация.
2027-01-02,Reel,v20_effect/t15_shram_12_nedel,"Шрам. 12 недель за 6 секунд ✨

Силиконовые пластины называют первой линией ухода за рубцами (Meaume et al., 2014). Начинать — после заживления раны, носить ежедневно, месяцами. Режим — по инструкции и рекомендации врача.

Это иллюстрация: каждый рубец созревает по-своему, результат индивидуален.

Напишите «ШРАМ» — пришлём памятку: когда начинать и сколько носить.

Медицинское изделие. Применение — по назначению специалиста.

#шрам #рубец #уходзарубцом #послекесарева #пластика #тестyafho #КожаПомнит #Yafho",Сколько месяцев вашему шраму?,"Два рубца за 12 недель: без ухода — яркий и выпуклый, под силиконовой пластиной — мягче и бледнее.","Иллюстрация, результат индивидуален."
2027-01-27,Reel,v6_campaign/c2_overlei_serii/overlay_den_090.png,"День 90 из 180 ✨

Тот же ракурс, тот же свет, без фильтров. Три месяца — середина пути.

Начало сериала — в закреплённых Reels.

Медицинское изделие. Применение — по назначению специалиста.

#шрам #рубец #уходзарубцом #пластическаяхирургия #день90из180 #КожаПомнит #Yafho",Как ваш шрам выглядел на 90-й день?,"Реальное видео рубца пациентки (с согласия), оверлей «День 90 из 180».",Письменное согласие пациентки.
2027-02-26,Reel,v6_campaign/c2_overlei_serii/overlay_den_120.png,"День 120 из 180 ✨

Тот же ракурс, тот же свет, без фильтров. Четыре месяца.

Начало сериала — в закреплённых Reels.

Медицинское изделие. Применение — по назначению специалиста.

#шрам #рубец #уходзарубцом #пластическаяхирургия #день120из180 #КожаПомнит #Yafho",Как ваш шрам выглядел на 120-й день?,"Реальное видео рубца пациентки (с согласия), оверлей «День 120 из 180».",Письменное согласие пациентки.
2027-03-28,Reel,v6_campaign/c2_overlei_serii/overlay_den_150.png,"День 150 из 180 ✨

Тот же ракурс, тот же свет, без фильтров. Пять месяцев.

Начало сериала — в закреплённых Reels.

Медицинское изделие. Применение — по назначению специалиста.

#шрам #рубец #уходзарубцом #пластическаяхирургия #день150из180 #КожаПомнит #Yafho",Как ваш шрам выглядел на 150-й день?,"Реальное видео рубца пациентки (с согласия), оверлей «День 150 из 180».",Письменное согласие пациентки.
2027-04-27,Reel,v6_campaign/c2_overlei_serii/overlay_den_180.png,"День 180 из 180 ✨

Тот же ракурс, тот же свет, без фильтров. День 180. Финал — сравните с Днём 1.

Начало сериала — в закреплённых Reels.

Медицинское изделие. Применение — по назначению специалиста.

#шрам #рубец #уходзарубцом #пластическаяхирургия #день180из180 #КожаПомнит #Yafho",Как ваш шрам выглядел на 180-й день?,"Реальное видео рубца пациентки (с согласия), оверлей «День 180 из 180».",Письменное согласие пациентки.
