date,weekday,week,format,title,rubric,file,ab_covers
2026-10-12,Пн,Неделя 1 · «Кожа помнит»: манифест и персик,Reel,Манифест «Твоя кожа помнит всё»,Манифест,v7_cinematic/m1_manifest_cinematic,m1_manifest
2026-10-13,Вт,Неделя 1 · «Кожа помнит»: манифест и персик,Reel,Кинетика: пролежни,🍑 Гериатрия,v12_kinetic/k6_geriatriya,
2026-10-14,Ср,Неделя 1 · «Кожа помнит»: манифест и персик,Карусель,«Её первый шрам»,🤱 Акушерство,v6_campaign/a1_ee_pervyi_shram,
2026-10-15,Чт,Неделя 1 · «Кожа помнит»: манифест и персик,Reel,Под лупой: 5 слоёв Sili-Care,📦 Продукт,v8_styles/s4_macro_asmr,
2026-10-16,Пт,Неделя 1 · «Кожа помнит»: манифест и персик,Reel,«Персиковый тест» (кино),🍑 Гериатрия,v7_cinematic/m4_persik_cinematic,m4_persik
2026-10-17,Сб,Неделя 1 · «Кожа помнит»: манифест и персик,Reel,Кинетика: акушерство,🤱 Акушерство,v12_kinetic/k1_akusherstvo,
2026-10-18,Вс,Неделя 1 · «Кожа помнит»: манифест и персик,Карусель,«7 вещей после кесарева»,🤱 Акушерство,v6_campaign/a3_7_veshchei_posle_kesareva,
2026-10-19,Пн,Неделя 2 · Акушерство и неонатология,Reel,«Письмо шраму» (кино) + старт #ПисьмоШраму,🤱 Акушерство,v7_cinematic/m2_pismo_shramu_cinematic,m2_pismo
2026-10-20,Вт,Неделя 2 · Акушерство и неонатология,Reel,«3-й день дома после кесарева» (телефон),🤱 Акушерство,v9_series/e1_akusherstvo_3_den_doma,e1_kesarevo
2026-10-21,Ср,Неделя 2 · Акушерство и неонатология,Reel,«Тоньше лепестка» (кино),👶 Неонатология,v7_cinematic/m5_lepestok_cinematic,m5_lepestok
2026-10-22,Чт,Неделя 2 · Акушерство и неонатология,Reel,Кинетика: неонатология,👶 Неонатология,v12_kinetic/k2_neonatologiya,
2026-10-23,Пт,Неделя 2 · Акушерство и неонатология,Карусель,«2–3 слоя» для медсестёр ОРИТН ⚠ сверить цифру,👶 Неонатология,v6_campaign/b2_oritn_2_sloya,
2026-10-24,Сб,Неделя 2 · Акушерство и неонатология,Reel,«Дневник ОРИТН» (телефон),👶 Неонатология,v9_series/e2_neonatologiya_dnevnik_oritn,e2_oritn
2026-10-25,Вс,Неделя 2 · Акушерство и неонатология,Фото,Фото-манифест «Крыло бабочки» — старт недели БЭ,🦋 Дерматология,v6_campaign/e2_foto_manifest_babochka,
2026-10-26,Пн,Неделя 3 · Неделя БЭ (25–31.10) + старт пластики,Reel,«Тест на рисовой бумаге» (кино),🦋 Дерматология,v7_cinematic/m3_risovaya_bumaga_cinematic,m3_bumaga
2026-10-27,Вт,Неделя 3 · Неделя БЭ (25–31.10) + старт пластики,Reel,«Дети-бабочки» (телефон),🦋 Дерматология,v9_series/e4_dermatologiya_deti_babochki,e4_babochki
2026-10-28,Ср,Неделя 3 · Неделя БЭ (25–31.10) + старт пластики,Карусель,«Кто такие дети-бабочки» ⚠ ссылка на фонд,🦋 Дерматология,v6_campaign/e3_kto_takie_deti_babochki,
2026-10-29,Чт,Неделя 3 · Неделя БЭ (25–31.10) + старт пластики,Reel,Кинетика: дети-бабочки,🦋 Дерматология,v12_kinetic/k4_babochki,
2026-10-30,Пт,Неделя 3 · Неделя БЭ (25–31.10) + старт пластики,Reel,«День 1 из 180» — старт сериала,✨ Пластика,v6_campaign/c1_den_1_iz_180,
2026-10-31,Сб,Неделя 3 · Неделя БЭ (25–31.10) + старт пластики,Reel,«Шрам каждую неделю» (телефон),✨ Пластика,v9_series/e3_plastika_shram_kazhduyu_nedelyu,e3_shram
2026-11-01,Вс,Неделя 3 · Неделя БЭ (25–31.10) + старт пластики,Reel,Под лупой №2: Scar Sheet,📦 Продукт,v11_pod_lupoi/l2_scar,
2026-11-02,Пн,Неделя 4 · Хирургия и медсёстры,Reel,Кинетика: хирургия,🩺 Хирургия,v12_kinetic/k5_hirurgiya,
2026-11-03,Вт,Неделя 4 · Хирургия и медсёстры,Reel,«POV: ты медсестра» (телефон),🩺 Хирургия,v9_series/e5_hirurgiya_pov_medsestra,e5_medsestra
2026-11-04,Ср,Неделя 4 · Хирургия и медсёстры,Reel,«Хирург vs медсестра»,🩺 Хирургия,v6_campaign/d1_hirurg_vs_medsestra,
2026-11-05,Чт,Неделя 4 · Хирургия и медсёстры,Карусель,«Шов зажил» (MARSI),🩺 Хирургия,v6_campaign/d2_shov_zazhil,
2026-11-06,Пт,Неделя 4 · Хирургия и медсёстры,Reel,Сериал «День 7 из 180» (реальное видео + оверлей),✨ Пластика,v6_campaign/c2_overlei_serii/overlay_den_007.png,
2026-11-07,Сб,Неделя 4 · Хирургия и медсёстры,Reel,Под лупой №1: Wound Contact Layer,📦 Продукт,v11_pod_lupoi/l1_wcl,
2026-11-08,Вс,Неделя 4 · Хирургия и медсёстры,Карусель,UGC «Нарисуем одной линией»,✍️ UGC,v6_campaign/f1_narisuem_odnoi_liniei,
2026-11-09,Пн,Неделя 5 · B2B: клиники и дистрибьюторы,Reel,«Под лупой: линейка» (B2B),📦 B2B,v9_series/e6_b2b_pod_lupoi_lineika,
2026-11-10,Вт,Неделя 5 · B2B: клиники и дистрибьюторы,Reel,Под лупой №6: CHG I.V. Fixation,📦 Продукт,v11_pod_lupoi/l6_chg,
2026-11-11,Ср,Неделя 5 · B2B: клиники и дистрибьюторы,Карусель,«Одна линия — 6 отделений»,📦 B2B,v5_platform/carousel_odna_liniya,
2026-11-12,Чт,Неделя 5 · B2B: клиники и дистрибьюторы,Reel,«Линейка Yafho за 30 секунд»,📦 B2B,v6_campaign/g1_katalog_za_30_sekund,
2026-11-13,Пт,Неделя 5 · B2B: клиники и дистрибьюторы,Reel,Сериал «День 14 из 180» (реальное видео + оверлей),✨ Пластика,v6_campaign/c2_overlei_serii/overlay_den_014.png,
2026-11-14,Сб,Неделя 5 · B2B: клиники и дистрибьюторы,Reel,Под лупой №3: Nonwoven,📦 Продукт,v11_pod_lupoi/l3_nonwoven,
2026-11-15,Вс,Неделя 5 · B2B: клиники и дистрибьюторы,Карусель,Итоги #ПисьмоШраму (заполнить работами),✍️ UGC,v6_campaign/f2_shablon_itogi_pismo_shramu,
2026-11-16,Пн,Неделя 6 · Манифест-2 и продукты,Reel,Кинетика «СТОП. Ты срываешь пластырь»,Манифест,v8_styles/s1_kinetic_type,
2026-11-17,Вт,Неделя 6 · Манифест-2 и продукты,Reel,Под лупой №4: Hydrogel,📦 Продукт,v11_pod_lupoi/l4_hydrogel,
2026-11-18,Ср,Неделя 6 · Манифест-2 и продукты,Reel,Бумажный коллаж,Манифест,v8_styles/s3_paper_collage,
2026-11-19,Чт,Неделя 6 · Манифест-2 и продукты,Карусель,«Как носить пластину»,✨ Пластика,v6_campaign/c3_kak_nosit_plastinu,
2026-11-20,Пт,Неделя 6 · Манифест-2 и продукты,Reel,Сериал «День 21 из 180» (реальное видео + оверлей),✨ Пластика,v6_campaign/c2_overlei_serii/overlay_den_021.png,
2026-11-21,Сб,Неделя 6 · Манифест-2 и продукты,Reel,Под лупой №5: Hydrocolloid,📦 Продукт,v11_pod_lupoi/l5_hydrocolloid,
2026-11-22,Вс,Неделя 6 · Манифест-2 и продукты,Пост,Постер «Твоя кожа помнит всё»,Манифест,v7_cinematic/posters/poster_kozha_pomnit_vsyo.png,
2026-11-23,Пн,Неделя 7 · Повтор победителей A/B,Reel,Кинетика: пластика,✨ Пластика,v12_kinetic/k3_plastika,
2026-11-25,Ср,Неделя 7 · Повтор победителей A/B,Пост,Постер «03:47»,🤱 Акушерство,v7_cinematic/posters/poster_0347_pismo_shramu.png,
2026-11-28,Сб,Неделя 7 · Повтор победителей A/B,Reel,Сериал «День 30 из 180» (реальное видео + оверлей),✨ Пластика,v6_campaign/c2_overlei_serii/overlay_den_030.png,
2026-12-13,Вс,Дальше: сериал «День N из 180» (выходит ровно в день N),Reel,Сериал «День 45 из 180» (реальное видео + оверлей),✨ Пластика,v6_campaign/c2_overlei_serii/overlay_den_045.png,
2026-12-28,Пн,Дальше: сериал «День N из 180» (выходит ровно в день N),Reel,Сериал «День 60 из 180» (реальное видео + оверлей),✨ Пластика,v6_campaign/c2_overlei_serii/overlay_den_060.png,
2027-01-27,Ср,Дальше: сериал «День N из 180» (выходит ровно в день N),Reel,Сериал «День 90 из 180» (реальное видео + оверлей),✨ Пластика,v6_campaign/c2_overlei_serii/overlay_den_090.png,
2027-02-26,Пт,Дальше: сериал «День N из 180» (выходит ровно в день N),Reel,Сериал «День 120 из 180» (реальное видео + оверлей),✨ Пластика,v6_campaign/c2_overlei_serii/overlay_den_120.png,
2027-03-28,Вс,Дальше: сериал «День N из 180» (выходит ровно в день N),Reel,Сериал «День 150 из 180» (реальное видео + оверлей),✨ Пластика,v6_campaign/c2_overlei_serii/overlay_den_150.png,
2027-04-27,Вт,Дальше: сериал «День N из 180» (выходит ровно в день N),Reel,Сериал «День 180 из 180» (реальное видео + оверлей),✨ Пластика,v6_campaign/c2_overlei_serii/overlay_den_180.png,
